"Reference";"Value";"Datasheet";"Footprint";"Qty";"JLC Part no.";"Extended";"Cost"
"C1";"2.2u";"~";"Capacitor_SMD:C_0603_1608Metric";"1";"C23630";"False";"0,0055"
"C2";"100n";"~";"Capacitor_SMD:C_0603_1608Metric";"1";"C14663";"False";"0,0021"
"C3";"2.2u";"~";"Capacitor_SMD:C_0603_1608Metric";"1";"C23630";"False";"0,0055"
"C4";"10u";"~";"Capacitor_SMD:C_0603_1608Metric";"1";"C19702";"False";"0,0048"
"C5";"1u";"~";"Capacitor_SMD:C_0603_1608Metric";"1";"C15849";"False";"0,0043"
"C6";"4.7u";"~";"Capacitor_SMD:C_0603_1608Metric";"1";"C69182";"False";"0,0055"
"C7";"100n";"~";"Capacitor_SMD:C_0603_1608Metric";"1";"C14663";"False";"0,0021"
"C8";"100n";"~";"Capacitor_SMD:C_0603_1608Metric";"1";"C14663";"False";"0,0021"
"C9";"4.7u";"~";"Capacitor_SMD:C_0603_1608Metric";"1";"C69182";"False";"0,0055"
"C10";"100n";"~";"Capacitor_SMD:C_0603_1608Metric";"1";"C14663";"False";"0,0021"
"C11";"100n";"~";"Capacitor_SMD:C_0603_1608Metric";"1";"C14663";"False";"0,0021"
"C12";"100n";"~";"Capacitor_SMD:C_0603_1608Metric";"1";"C14663";"False";"0,0021"
"C13";"100n";"~";"Capacitor_SMD:C_0603_1608Metric";"1";"C14663";"False";"0,0021"
"C14";"100n";"~";"Capacitor_SMD:C_0603_1608Metric";"1";"C14663";"False";"0,0021"
"C15";"100n";"~";"Capacitor_SMD:C_0603_1608Metric";"1";"C14663";"False";"0,0021"
"C16";"100n";"~";"Capacitor_SMD:C_0603_1608Metric";"1";"C14663";"False";"0,0021"
"C17";"10n";"~";"Capacitor_SMD:C_0402_1005Metric";"1";"C15195";"False";"0,0012"
"C18";"10n";"~";"Capacitor_SMD:C_0402_1005Metric";"1";"C15195";"False";"0,0012"
"C19";"10n";"~";"Capacitor_SMD:C_0402_1005Metric";"1";"C15195";"False";"0,0012"
"C20";"10n";"~";"Capacitor_SMD:C_0402_1005Metric";"1";"C15195";"False";"0,0012"
"C21";"10n";"~";"Capacitor_SMD:C_0402_1005Metric";"1";"C15195";"False";"0,0012"
"D1";"GREEN";"~";"LED_SMD:LED_0805_2012Metric";"1";"C2297";"False";"0,0095"
"D2";"RED";"~";"LED_SMD:LED_0603_1608Metric";"1";"C2286";"False";"0,0053"
"J1";"Au+";"~";"4022S:Au_Electrode";"1";"";"";""
"J3";"Ti+";"~";"Connector_PinHeader_2.54mm:PinHeader_1x01_P2.54mm_Vertical";"1";"";"";""
"J4";"Au-";"~";"4022S:Au_Electrode";"1";"";"";""
"J6";"Ti-1";"~";"Connector_PinHeader_2.54mm:PinHeader_1x01_P2.54mm_Vertical";"1";"";"";""
"J7";"Ti-2";"~";"Connector_PinHeader_2.54mm:PinHeader_1x01_P2.54mm_Vertical";"1";"";"";""
"J8";"Debug";"~";"Connector_PinSocket_2.54mm:PinSocket_1x04_P2.54mm_Vertical";"1";"";"";""
"J9";"RS485";"~";"Connector_PinSocket_2.54mm:PinSocket_1x04_P2.54mm_Vertical";"1";"";"";""
"J11";"Ti-2";"~";"Connector_PinHeader_2.54mm:PinHeader_1x01_P2.54mm_Vertical";"1";"";"";""
"Q1";"S8050_SMD";"";"Package_TO_SOT_SMD:SOT-23-3";"1";"C2146";"False";"0,0131"
"Q2";"PMOS";"http://www.aosmd.com/pdfs/datasheet/AO3401A.pdf";"Package_TO_SOT_SMD:SOT-23";"1";"C15127";"False";"0,0387"
"Q3";"PMOS";"http://www.aosmd.com/pdfs/datasheet/AO3401A.pdf";"Package_TO_SOT_SMD:SOT-23";"1";"C15127";"False";"0,0387"
"R1";"10k";"~";"Resistor_SMD:R_0603_1608Metric";"1";"C25804";"False";"0,0008"
"R2";"4.7k";"~";"Resistor_SMD:R_0603_1608Metric";"1";"C23162";"False";"0,0010"
"R3";"4.7k";"~";"Resistor_SMD:R_0603_1608Metric";"1";"C23162";"False";"0,0010"
"R4";"20";"~";"Resistor_SMD:R_0603_1608Metric";"1";"C22950";"False";"0,0009"
"R5";"20";"~";"Resistor_SMD:R_0603_1608Metric";"1";"C22950";"False";"0,0009"
"R6";"20";"~";"Resistor_SMD:R_0603_1608Metric";"1";"C22950";"False";"0,0009"
"R7";"20";"~";"Resistor_SMD:R_0603_1608Metric";"1";"C22950";"False";"0,0009"
"R8";"10k";"~";"Resistor_SMD:R_0603_1608Metric";"1";"C25804";"False";"0,0008"
"R9";"300";"~";"Resistor_SMD:R_0603_1608Metric";"1";"C23025";"False";"0,0010"
"R10";"3k";"~";"Resistor_SMD:R_0603_1608Metric";"1";"C4211";"False";"0,0009"
"R11";"30k";"~";"Resistor_SMD:R_0603_1608Metric";"1";"C22984";"False";"0,0009"
"R12";"300";"~";"Resistor_SMD:R_0603_1608Metric";"1";"C23025";"False";"0,0010"
"R13";"3k";"~";"Resistor_SMD:R_0603_1608Metric";"1";"C4211";"False";"0,0009"
"R14";"30k";"~";"Resistor_SMD:R_0603_1608Metric";"1";"C22984";"False";"0,0009"
"R15";"120";"~";"Resistor_SMD:R_0603_1608Metric";"1";"C22787";"False";"0,0010"
"R16";"300";"~";"Resistor_SMD:R_0603_1608Metric";"1";"C23025";"False";"0,0010"
"R17";"3k";"~";"Resistor_SMD:R_0603_1608Metric";"1";"C4211";"False";"0,0009"
"R18";"30k";"~";"Resistor_SMD:R_0603_1608Metric";"1";"C22984";"False";"0,0009"
"R19";"1k";"~";"Resistor_SMD:R_1206_3216Metric";"1";"C4410";"False";"0,0027"
"R20";"10k";"~";"Resistor_SMD:R_1206_3216Metric";"1";"C17902";"False";"0,0028"
"R21";"1k";"~";"Resistor_SMD:R_0603_1608Metric";"1";"C21190";"False";"0,0009"
"R22";"1k";"~";"Resistor_SMD:R_0603_1608Metric";"1";"C21190";"False";"0,0009"
"TP5";"SCL";"~";"TestPoint:TestPoint_THTPad_2.0x2.0mm_Drill1.0mm";"1";"";"";""
"TP6";"SDA";"~";"TestPoint:TestPoint_THTPad_2.0x2.0mm_Drill1.0mm";"1";"";"";""
"TP7";"RS485_UART";"~";"TestPoint:TestPoint_THTPad_2.0x2.0mm_Drill1.0mm";"1";"";"";""
"TP8";"RS485_DE";"~";"TestPoint:TestPoint_THTPad_2.0x2.0mm_Drill1.0mm";"1";"";"";""
"TP9";"3V3";"~";"TestPoint:TestPoint_THTPad_2.0x2.0mm_Drill1.0mm";"1";"";"";""
"TP10";"UBDAC";"~";"TestPoint:TestPoint_THTPad_2.0x2.0mm_Drill1.0mm";"1";"";"";""
"TP11";"DAC";"~";"TestPoint:TestPoint_THTPad_2.0x2.0mm_Drill1.0mm";"1";"";"";""
"TP12";"AMP";"~";"TestPoint:TestPoint_THTPad_2.0x2.0mm_Drill1.0mm";"1";"";"";""
"TP13";"SIG";"~";"TestPoint:TestPoint_THTPad_2.0x2.0mm_Drill1.0mm";"1";"";"";""
"TP14";"CALIB";"~";"TestPoint:TestPoint_THTPad_2.0x2.0mm_Drill1.0mm";"1";"";"";""
"TP15";"GND";"~";"TestPoint:TestPoint_THTPad_2.0x2.0mm_Drill1.0mm";"1";"";"";""
"U1";"DAC53401";"";"Package_SON:WSON-8-1EP_2x2mm_P0.5mm_EP0.9x1.6mm";"1";"C2861165";"True";"0,6660"
"U2";"STM32F401RCTx";"https://www.st.com/resource/en/datasheet/stm32f401rc.pdf";"Package_QFP:LQFP-64_10x10mm_P0.5mm";"1";"C1339473";"True";"2,1735"
"U3";"4xSwitch";"";"Package_SO:TSSOP-14_4.4x5mm_P0.65mm";"1";"C128399";"True";"1,4775"
"U4";"SP3485EN";"http://www.icbase.com/pdf/SPX/SPX00480106.pdf";"Package_SO:SOIC-8_3.9x4.9mm_P1.27mm";"1";"C8963";"False";"0,3076"
"U5";"OP07C";"https://www.analog.com/media/en/technical-documentation/data-sheets/OP07.pdf";"Package_SO:SOIC-8_3.9x4.9mm_P1.27mm";"1";"C7433";"False";"0,1247"
"U6";"4xSwitch";"";"Package_SO:TSSOP-14_4.4x5mm_P0.65mm";"1";"C128399";"True";"1,4775"
"U7";"TempSensor";"";"Package_CSP:WLCSP-8_1.551x2.284mm_P0.5mm";"1";"C2758003";"True";"0,5325"
"U8";"4xSwitch";"";"Package_SO:TSSOP-14_4.4x5mm_P0.65mm";"1";"C128399";"True";"1,4775"
"U9";"DepthSensor";"";"4022S:WF183DE";"1";"C20415992";"True";"0,6315"
"U10";"OP07C";"https://www.analog.com/media/en/technical-documentation/data-sheets/OP07.pdf";"Package_SO:SOIC-8_3.9x4.9mm_P1.27mm";"1";"C7433";"False";"0,1247"
"U11";"4xSwitch";"";"Package_SO:TSSOP-14_4.4x5mm_P0.65mm";"1";"C128399";"True";"1,4775"
